[
  {
    "Plan": "Temporary Citytrip World",
    "Price": "from €11",
    "Geographical area covered": "World",
    "Maximum duration of the trip": "1 trip of 1 to 4 days",
    "Coverage of medical expenses": "€250,000",
    "Medical repatriation and early return": "Available",
    "Assistance on and off the ski slopes": "Not available",
    "Search and rescue costs": "€5,000",
    "Intervention in case of natural disasters": "Available",
    "Vehicle assistance in Europe": "Not available"
  },
  {
    "Plan": "Temporary Snow World",
    "Price": "from €71",
    "Geographical area covered": "World",
    "Maximum duration of the trip": "1 trip of max. 45 days",
    "Coverage of medical expenses": "€250,000",
    "Medical repatriation and early return": "Available",
    "Assistance on and off the ski slopes": "Available",
    "Search and rescue costs": "€5,000",
    "Intervention in case of natural disasters": "Available",
    "Vehicle assistance in Europe": "Not available"
  },
  {
    "Plan": "Temporary World",
    "Price": "from €54",
    "Geographical area covered": "World",
    "Maximum duration of the trip": "1 trip of max. 45 days",
    "Coverage of medical expenses": "€250,000",
    "Medical repatriation and early return": "Available",
    "Assistance on and off the ski slopes": "Not available",
    "Search and rescue costs": "€5,000",
    "Intervention in case of natural disasters": "Available",
    "Vehicle assistance in Europe": "Not available"
  },
  {
    "Plan": "Temporary Long Trip World",
    "Price": "from €286",
    "Geographical area covered": "World",
    "Maximum duration of the trip": "1 trip of max. 364 days",
    "Coverage of medical expenses": "€1,250,000 (Worldwide)",
    "Medical repatriation and early return": "Available",
    "Assistance on and off the ski slopes": "Available",
    "Search and rescue costs": "€5,000",
    "Intervention in case of natural disasters": "Available",
    "Vehicle assistance in Europe": "Not available"
  }
]
